INSERT INTO
    workshop.user (
        id,
        username,
        email,
        password,
        role
    )
values
    (
        1,
        'tride0',
        'graspison0@yellowpages.com',
        'wQ6_9GqKI',
        'User'
    ),
    (
        2,
        'drohloff1',
        'vgepson1@desdev.cn',
        'tJ4_8ZZ>7',
        'Employee'
    ),
    (
        3,
        'mweedall2',
        'swestoff2@mysql.com',
        'pD7"Ql&/A?~pw8',
        'Admin'
    ),
    (
        4,
        'lcoulthart3',
        'csitlington3@instagram.com',
        'lN9/\0i<3jd',
        'Manager'
    ),
    (
        5,
        'etoffoletto4',
        'ibyneth4@livejournal.com',
        'uT5#gfp_86,\LCmb',
        'User'
    ),
    (
        6,
        'cmyton5',
        'spietzner5@dropbox.com',
        'wY0\5TkQS=R0#,',
        'Manager'
    ),
    (
        7,
        'bemeline6',
        'eclemmensen6@google.it',
        'nV1?us',
        'Manager'
    ),
    (
        8,
        'kkruszelnicki7',
        'gmitkin7@spotify.com',
        'lS1/?CtB2u\2%&8',
        'Admin'
    ),
    (
        9,
        'ghexam8',
        'asanham8@imageshack.us',
        'xH6$umMT&PLOK7&9',
        'Manager'
    ),
    (
        10,
        'fockenden9',
        'hgascoine9@ft.com',
        'sS9%xWop3',
        'User'
    ),
    (
        11,
        'qprobetsa',
        'cbrimilcombea@tumblr.com',
        'qP9<_EdA',
        'Employee'
    ),
    (
        12,
        'akitleyb',
        'nbrushneenb@photobucket.com',
        'uN3<9vOZ2?',
        'Employee'
    ),
    (
        13,
        'tcoombsc',
        'rkropc@simplemachines.org',
        'aC3!59gbo&?',
        'Employee'
    ),
    (
        14,
        'bgarriochd',
        'bagottd@disqus.com',
        'qV1mI*K',
        'Admin'
    ),
    (
        15,
        'vcoppere',
        'mchanninge@sciencedaily.com',
        'fS9+%p1?>',
        'User'
    ),
    (
        16,
        'fdeyesf',
        'mkorbmakerf@mac.com',
        'eF4#''u*4aSO7',
        'Admin'
    ),
    (
        17,
        'tfranchig',
        'aackroydg@google.com.br',
        'cW7#.K=?@mHU5&',
        'User'
    ),
    (
        18,
        'npicardoh',
        'fdelacourh@chronoengine.com',
        'rG4/J<|AY',
        'Manager'
    ),
    (
        19,
        'mconnelli',
        'lbighami@businesswire.com',
        'eO7<pB+zV%WcMd8',
        'Manager'
    ),
    (
        20,
        'smcgrannj',
        'jloguej@51.la',
        'iJ3`N2|q44Bs',
        'Manager'
    ),
    (
        21,
        'kbettenayk',
        'bshearak@parallels.com',
        'wS8*..Txn2',
        'User'
    ),
    (
        22,
        'pjoncicl',
        'mgrafoml@webs.com',
        'vM1596rJ*HMH',
        'Manager'
    ),
    (
        23,
        'mallertonm',
        'cgoodludm@si.edu',
        'yK4/O%9|X',
        'User'
    ),
    (
        24,
        'psanfordn',
        'hscinin@sphinn.com',
        'qX8o4AE,z0',
        'Manager'
    ),
    (
        25,
        'mmikoo',
        'jselesnicko@people.com.cn',
        'tI4_JygxiXl',
        'User'
    ),
    (
        26,
        'ppondep',
        'kkrinkp@naver.com',
        'zL3/>m6JD!x0.Op',
        'Manager'
    ),
    (
        27,
        'lgullickq',
        'mnertneyq@rambler.ru',
        'vE8_xJBAiUS',
        'Employee'
    ),
    (
        28,
        'afessionsr',
        'amushettr@ed.gov',
        'wP6,6B9%',
        'Employee'
    ),
    (
        29,
        'bbernardinellis',
        'sprendivilles@spotify.com',
        'xT7*BYgI2sbAMFf',
        'Admin'
    ),
    (
        30,
        'stolomellit',
        'psoanst@ameblo.jp',
        'vT4*Z<i$NKl&i',
        'Employee'
    ),
    (
        31,
        'pkattenhornu',
        'mlewingtonu@wisc.edu',
        'eG7$E3+X`hj#d`',
        'Manager'
    ),
    (
        32,
        'cdalziellv',
        'dphilliskirkv@squidoo.com',
        'nM0#Cy5zj"m',
        'Admin'
    ),
    (
        33,
        'srosendahlw',
        'bmatteucciw@blogs.com',
        'tA6+~c%+TptCt',
        'User'
    ),
    (
        34,
        'aaickinx',
        'lmchargx@w3.org',
        'kO4.K%C_M',
        'Admin'
    ),
    (
        35,
        'dmcfetrichy',
        'jmcanenyy@goo.gl',
        'bS1,sq/,s=T3',
        'Manager'
    ),
    (
        36,
        'chamblingz',
        'jpaslowz@elpais.com',
        'sH0''B6ilKZ0<o`$',
        'Manager'
    ),
    (
        37,
        'mprowse10',
        'kmcclay10@bandcamp.com',
        'sW3!C#fGgyJ',
        'Manager'
    ),
    (
        38,
        'bbartlett11',
        'cranyell11@accuweather.com',
        'fP0Bu_k=>vmaU0e',
        'Employee'
    ),
    (
        39,
        'ebolderson12',
        'gmcluckie12@netvibes.com',
        'sC60gtY\Ws_+w*M',
        'Employee'
    ),
    (
        40,
        'jyourell13',
        'hsimonelli13@jiathis.com',
        'cQ6\6F&W',
        'User'
    ),
    (
        41,
        'hiiannoni14',
        'estanworth14@acquirethisname.com',
        'zA9~Bc$~',
        'Employee'
    ),
    (
        42,
        'opashe15',
        'tdobble15@networkadvertising.org',
        'iJ9&7I%wp3?',
        'Manager'
    ),
    (
        43,
        'denterlein16',
        'ajoul16@dailymotion.com',
        'vL3&L\dcO',
        'Employee'
    ),
    (
        44,
        'drosser17',
        'tlurriman17@icq.com',
        'aP6''~Pj<JrMc',
        'User'
    ),
    (
        45,
        'mbanbrick18',
        'prockhall18@utexas.edu',
        'wF90_ZiK',
        'Admin'
    ),
    (
        46,
        'tbackler19',
        'mpedron19@booking.com',
        'oS0!+uh\|z',
        'User'
    ),
    (
        47,
        'syellowley1a',
        'npeepall1a@weather.com',
        'fZ0#K.+',
        'Admin'
    ),
    (
        48,
        'rtribble1b',
        'tbodle1b@samsung.com',
        'rX5%ly4efOR,a?',
        'Employee'
    ),
    (
        49,
        'educker1c',
        'chutchings1c@admin.ch',
        'gA7?1b67!KLW(<C',
        'Manager'
    ),
    (
        50,
        'cwheway1d',
        'vvaines1d@statcounter.com',
        'pF8''C2~RjW,8V',
        'Admin'
    );

INSERT INTO
    workshop.workshop (
        id,
        user_id,
        name,
        address,
        phone,
        email
    )
VALUES
    (
        1,
        1,
        'Vanny',
        '19 Northland Trail',
        '199-918-6504',
        'vtimson0@shop-pro.jp'
    ),
    (
        2,
        2,
        'Dania',
        '6 Sundown Avenue',
        '247-922-0866',
        'diron1@mit.edu'
    ),
    (
        3,
        3,
        'Fancy',
        '248 New Castle Alley',
        '675-225-8410',
        'fslowgrave2@nps.gov'
    ),
    (
        4,
        4,
        'Jarad',
        '268 Jenna Hill',
        '738-962-9659',
        'jjepps3@un.org'
    ),
    (
        5,
        5,
        'Lefty',
        '95118 Heffernan Street',
        '619-684-6427',
        'lprigg4@wikimedia.org'
    ),
    (
        6,
        6,
        'Donielle',
        '08950 Upham Court',
        '162-336-4703',
        'dpoynser5@trellian.com'
    ),
    (
        7,
        7,
        'Maudie',
        '2 North Terrace',
        '366-467-4117',
        'mdufaire6@privacy.gov.au'
    ),
    (
        8,
        8,
        'Trevor',
        '837 Acker Parkway',
        '847-779-8908',
        'tshore7@seattletimes.com'
    ),
    (
        9,
        9,
        'Nappie',
        '9230 Spenser Lane',
        '795-572-0921',
        'nbeavors8@guardian.co.uk'
    ),
    (
        10,
        10,
        'Zoe',
        '90112 Kipling Court',
        '772-737-9918',
        'zsword9@house.gov'
    ),
    (
        11,
        11,
        'Mureil',
        '90054 Farragut Crossing',
        '303-748-3630',
        'mbroadberea@quantcast.com'
    ),
    (
        12,
        12,
        'Lilyan',
        '1598 Northview Trail',
        '815-733-6026',
        'lstraniob@i2i.jp'
    ),
    (
        13,
        13,
        'Lynne',
        '3 Kinsman Trail',
        '449-365-7965',
        'lflaniganc@apache.org'
    ),
    (
        14,
        14,
        'Sheilah',
        '34112 Sugar Circle',
        '844-810-3772',
        'swindibankd@globo.com'
    ),
    (
        15,
        15,
        'Mahala',
        '96 Killdeer Park',
        '608-665-0346',
        'mclellande@exblog.jp'
    ),
    (
        16,
        16,
        'Aurel',
        '21988 Debs Center',
        '656-782-2426',
        'arawef@netlog.com'
    ),
    (
        17,
        17,
        'Eveline',
        '0061 Fisk Avenue',
        '432-561-8456',
        'emckagg@de.vu'
    ),
    (
        18,
        18,
        'Angela',
        '37 Spenser Trail',
        '228-681-3473',
        'aaveyardh@cargocollective.com'
    ),
    (
        19,
        19,
        'Osmund',
        '13473 Blue Bill Park Junction',
        '225-893-2275',
        'ostopforthi@craigslist.org'
    ),
    (
        20,
        20,
        'Somerset',
        '359 Oak Valley Center',
        '131-266-4268',
        'swherryj@bravesites.com'
    ),
    (
        21,
        21,
        'Malvina',
        '5 Northridge Street',
        '382-580-4787',
        'mnouchk@icio.us'
    ),
    (
        22,
        22,
        'Worthington',
        '839 Sunbrook Crossing',
        '476-345-6669',
        'wrisboroughl@a8.net'
    ),
    (
        23,
        23,
        'Jacquie',
        '03256 Jackson Alley',
        '252-980-9406',
        'jyesichevm@jugem.jp'
    ),
    (
        24,
        24,
        'Wendall',
        '87447 Randy Center',
        '913-994-3800',
        'wdeweyn@state.gov'
    ),
    (
        25,
        25,
        'Lewiss',
        '307 Riverside Avenue',
        '607-880-5021',
        'lbayneso@cargocollective.com'
    ),
    (
        26,
        26,
        'Nikoletta',
        '4138 Arkansas Pass',
        '837-449-6751',
        'noslarp@deviantart.com'
    ),
    (
        27,
        27,
        'Godiva',
        '420 Larry Circle',
        '883-938-5194',
        'gspierq@hud.gov'
    ),
    (
        28,
        28,
        'Kahaleel',
        '5600 Sachtjen Point',
        '255-666-0836',
        'klesperr@tmall.com'
    ),
    (
        29,
        29,
        'Alon',
        '849 Welch Hill',
        '666-665-7821',
        'aconrarts@fastcompany.com'
    ),
    (
        30,
        30,
        'Kore',
        '3170 Moulton Way',
        '221-895-7200',
        'kchislettt@blogtalkradio.com'
    ),
    (
        31,
        31,
        'Cello',
        '71906 Bluejay Road',
        '607-124-9026',
        'chofleru@constantcontact.com'
    ),
    (
        32,
        32,
        'Crosby',
        '9543 Thackeray Plaza',
        '618-895-5686',
        'cgaddesbyv@ning.com'
    ),
    (
        33,
        33,
        'Zacharie',
        '8664 Surrey Trail',
        '474-905-6964',
        'zziemsenw@homestead.com'
    ),
    (
        34,
        34,
        'Jermayne',
        '83680 Menomonie Street',
        '502-870-9480',
        'jshieldsx@typepad.com'
    ),
    (
        35,
        35,
        'Kirbee',
        '50818 Clarendon Avenue',
        '340-550-0196',
        'kmedendorpy@fastcompany.com'
    ),
    (
        36,
        36,
        'Vinnie',
        '276 American Ash Park',
        '879-104-9283',
        'vpersehousez@chronoengine.com'
    ),
    (
        37,
        37,
        'Joana',
        '96 Village Park',
        '664-782-5986',
        'jartus10@noaa.gov'
    ),
    (
        38,
        38,
        'Nikolas',
        '7 Northland Alley',
        '797-571-9175',
        'nsprade11@skype.com'
    ),
    (
        39,
        39,
        'Janeen',
        '214 Helena Hill',
        '838-595-4698',
        'jcurphey12@nih.gov'
    ),
    (
        40,
        40,
        'Marla',
        '72 Valley Edge Junction',
        '735-638-3980',
        'msterndale13@shinystat.com'
    ),
    (
        41,
        41,
        'Jeremie',
        '7 Hudson Drive',
        '584-285-0600',
        'jleinthall14@bandcamp.com'
    ),
    (
        42,
        42,
        'Pepi',
        '560 Bowman Point',
        '499-126-4250',
        'pdiable15@nytimes.com'
    ),
    (
        43,
        43,
        'Estell',
        '5 Jenifer Trail',
        '175-245-0060',
        'eamort16@last.fm'
    ),
    (
        44,
        44,
        'Iggy',
        '8 Esch Center',
        '985-780-9222',
        'iewington17@ihg.com'
    ),
    (
        45,
        45,
        'Codi',
        '84 Lerdahl Center',
        '386-321-7293',
        'crocks18@slate.com'
    ),
    (
        46,
        46,
        'Blinni',
        '61549 Harbort Alley',
        '350-387-1262',
        'bcordelle19@uiuc.edu'
    ),
    (
        47,
        47,
        'Normie',
        '19200 Butterfield Street',
        '750-608-2435',
        'ncutmore1a@comcast.net'
    ),
    (
        48,
        48,
        'Marketa',
        '2 Wayridge Park',
        '469-804-7748',
        'mshegog1b@ning.com'
    ),
    (
        49,
        49,
        'Marillin',
        '2 Eastlawn Place',
        '210-649-4305',
        'mbonson1c@prnewswire.com'
    ),
    (
        50,
        50,
        'Edithe',
        '5325 Boyd Crossing',
        '281-139-8667',
        'eesome1d@hao123.com'
    );

INSERT INTO
    workshop.customer (
        id,
        workshop_id,
        first_name,
        last_name,
        email,
        address,
        phone
    )
VALUES
    (
        1,
        1,
        'Addie',
        'Cumbridge',
        'acumbridge0@last.fm',
        '5 Shopko Way',
        '591-965-1152'
    ),
    (
        2,
        2,
        'Clary',
        'Laneham',
        'claneham1@blinklist.com',
        '917 Holy Cross Way',
        '929-290-8997'
    ),
    (
        3,
        3,
        'Wanids',
        'Bicheno',
        'wbicheno2@unicef.org',
        '4050 Wayridge Circle',
        '412-827-7732'
    ),
    (
        4,
        4,
        'Sonnnie',
        'Geator',
        'sgeator3@pagesperso-orange.fr',
        '69422 Anzinger Alley',
        '176-857-2790'
    ),
    (
        5,
        5,
        'Trenna',
        'Arkley',
        'tarkley4@ezinearticles.com',
        '3311 John Wall Alley',
        '319-472-5137'
    ),
    (
        6,
        6,
        'Tybie',
        'De la Perrelle',
        'tdelaperrelle5@ted.com',
        '3 Towne Road',
        '139-278-1283'
    ),
    (
        7,
        7,
        'Gerard',
        'Habbon',
        'ghabbon6@skype.com',
        '55993 Stuart Terrace',
        '726-148-9000'
    ),
    (
        8,
        8,
        'Amalee',
        'MacNucator',
        'amacnucator7@taobao.com',
        '1252 Carberry Parkway',
        '347-584-6713'
    ),
    (
        9,
        9,
        'Patrice',
        'Hurleston',
        'phurleston8@webs.com',
        '1271 Anniversary Lane',
        '779-192-6589'
    ),
    (
        10,
        10,
        'Carmela',
        'O''Hallihane',
        'cohallihane9@usgs.gov',
        '77022 Graedel Plaza',
        '839-252-8040'
    ),
    (
        11,
        11,
        'Debi',
        'Rabl',
        'drabla@alexa.com',
        '0 Menomonie Lane',
        '300-339-5172'
    ),
    (
        12,
        12,
        'Kally',
        'Anderl',
        'kanderlb@state.gov',
        '22 Algoma Way',
        '425-638-0768'
    ),
    (
        13,
        13,
        'Nata',
        'Wilsdon',
        'nwilsdonc@google.pl',
        '81 Glacier Hill Point',
        '168-891-1544'
    ),
    (
        14,
        14,
        'Lexis',
        'Lacer',
        'llacerd@marriott.com',
        '416 Wayridge Park',
        '574-156-1859'
    ),
    (
        15,
        15,
        'Tobi',
        'Copping',
        'tcoppinge@blogspot.com',
        '7 Rieder Alley',
        '675-649-4118'
    ),
    (
        16,
        16,
        'Fania',
        'Collymore',
        'fcollymoref@si.edu',
        '2 Heffernan Pass',
        '802-177-5544'
    ),
    (
        17,
        17,
        'Lulita',
        'Stoffels',
        'lstoffelsg@qq.com',
        '2 2nd Drive',
        '332-332-1963'
    ),
    (
        18,
        18,
        'Priscella',
        'Edensor',
        'pedensorh@fda.gov',
        '556 Stephen Street',
        '504-846-3190'
    ),
    (
        19,
        19,
        'Harrietta',
        'O''Hickee',
        'hohickeei@vkontakte.ru',
        '728 Meadow Ridge Street',
        '411-321-8565'
    ),
    (
        20,
        20,
        'Bonni',
        'O''Lyhane',
        'bolyhanej@xinhuanet.com',
        '567 Judy Way',
        '830-895-9721'
    ),
    (
        21,
        21,
        'Goldy',
        'MacAllister',
        'gmacallisterk@etsy.com',
        '07671 Eastwood Park',
        '263-321-9354'
    ),
    (
        22,
        22,
        'Earvin',
        'Comerford',
        'ecomerfordl@auda.org.au',
        '55994 Atwood Trail',
        '989-484-4882'
    ),
    (
        23,
        23,
        'Wynn',
        'Castri',
        'wcastrim@gnu.org',
        '67 Sage Road',
        '465-329-9561'
    ),
    (
        24,
        24,
        'Alexi',
        'Duffin',
        'aduffinn@cpanel.net',
        '3 Morrow Street',
        '483-155-5992'
    ),
    (
        25,
        25,
        'Rustin',
        'Ilsley',
        'rilsleyo@shareasale.com',
        '98922 Memorial Drive',
        '798-221-2683'
    ),
    (
        26,
        26,
        'Bernice',
        'Diego',
        'bdiegop@tinyurl.com',
        '6 Quincy Way',
        '411-107-5258'
    ),
    (
        27,
        27,
        'Gram',
        'Scartifield',
        'gscartifieldq@storify.com',
        '0766 Talmadge Terrace',
        '800-907-8714'
    ),
    (
        28,
        28,
        'Osbourne',
        'Doby',
        'odobyr@amazon.co.jp',
        '6899 Becker Junction',
        '441-965-0762'
    ),
    (
        29,
        29,
        'Lesli',
        'Dorkin',
        'ldorkins@wikia.com',
        '52798 Moose Trail',
        '486-471-7273'
    ),
    (
        30,
        30,
        'Tammy',
        'Buddock',
        'tbuddockt@bbc.co.uk',
        '8135 Ilene Road',
        '442-599-1612'
    ),
    (
        31,
        31,
        'Willabella',
        'Swindells',
        'wswindellsu@github.io',
        '5489 Manitowish Way',
        '581-214-8148'
    ),
    (
        32,
        32,
        'Elwyn',
        'Rowthorn',
        'erowthornv@domainmarket.com',
        '11 Mallard Point',
        '600-534-6901'
    ),
    (
        33,
        33,
        'Gaspard',
        'Yitzhak',
        'gyitzhakw@cdc.gov',
        '14818 Meadow Valley Court',
        '446-263-8880'
    ),
    (
        34,
        34,
        'Jerrilee',
        'Bedle',
        'jbedlex@go.com',
        '9 Bay Circle',
        '190-541-0305'
    ),
    (
        35,
        35,
        'Tomkin',
        'Croizier',
        'tcroiziery@opera.com',
        '347 Rutledge Avenue',
        '655-912-3725'
    ),
    (
        36,
        36,
        'Shelagh',
        'Roebottom',
        'sroebottomz@pinterest.com',
        '12 Sheridan Terrace',
        '853-131-0761'
    ),
    (
        37,
        37,
        'Giorgi',
        'Dockreay',
        'gdockreay10@ucoz.ru',
        '40 Hudson Alley',
        '506-808-8203'
    ),
    (
        38,
        38,
        'Gabe',
        'Sedgemond',
        'gsedgemond11@free.fr',
        '43627 Farragut Crossing',
        '779-126-1194'
    ),
    (
        39,
        39,
        'Robinette',
        'Nendick',
        'rnendick12@unicef.org',
        '91289 Manley Junction',
        '561-833-5866'
    ),
    (
        40,
        40,
        'Kimberley',
        'Tegler',
        'ktegler13@diigo.com',
        '915 Morningstar Drive',
        '894-626-7280'
    ),
    (
        41,
        41,
        'Bronson',
        'Yole',
        'byole14@discovery.com',
        '6364 Stoughton Hill',
        '707-260-4376'
    ),
    (
        42,
        42,
        'Chic',
        'Kayser',
        'ckayser15@1688.com',
        '2963 Thackeray Crossing',
        '498-609-8609'
    ),
    (
        43,
        43,
        'Donella',
        'Gritsaev',
        'dgritsaev16@npr.org',
        '26839 Sutteridge Center',
        '547-345-2351'
    ),
    (
        44,
        44,
        'Doralynn',
        'Lowery',
        'dlowery17@globo.com',
        '7 Mockingbird Road',
        '914-673-4991'
    ),
    (
        45,
        45,
        'Rhianna',
        'Neising',
        'rneising18@flavors.me',
        '3586 Dorton Junction',
        '273-431-4844'
    ),
    (
        46,
        46,
        'Vinson',
        'Doohan',
        'vdoohan19@eepurl.com',
        '52 Kipling Road',
        '625-101-4305'
    ),
    (
        47,
        47,
        'Ginny',
        'Studart',
        'gstudart1a@cpanel.net',
        '6505 Warrior Avenue',
        '646-371-6182'
    ),
    (
        48,
        48,
        'Halley',
        'Glavin',
        'hglavin1b@163.com',
        '40851 Meadow Ridge Street',
        '589-284-4553'
    ),
    (
        49,
        49,
        'Legra',
        'Batistelli',
        'lbatistelli1c@google.co.jp',
        '251 Cardinal Road',
        '186-950-8019'
    ),
    (
        50,
        50,
        'Willy',
        'Evitt',
        'wevitt1d@reverbnation.com',
        '7227 Pond Parkway',
        '158-468-8974'
    );

INSERT INTO
    workshop.vehicle (
        id,
        customer_id,
        brand,
        model,
        year,
        license_plate,
        chasis,
        kilometers
    )
VALUES
    (
        1,
        1,
        'Volkswagen',
        'CC',
        2012,
        'VBN789',
        '1ZVBP8AM0D5044316',
        157149
    ),
    (
        2,
        2,
        'Hyundai',
        'Accent',
        2001,
        'ASD654',
        '3D7TP2CT4AG385320',
        455450
    ),
    (
        3,
        3,
        'Pontiac',
        'Montana',
        2004,
        'VBN123',
        'JN1AY1AP7CM936812',
        900882
    ),
    (
        4,
        4,
        'Subaru',
        'Outback',
        2001,
        'ZXC123',
        'SALVN2BGXDH600067',
        320658
    ),
    (
        5,
        5,
        'Chevrolet',
        'Lumina',
        1996,
        'ZXC789',
        'KMHDB8AE2AU647008',
        171766
    ),
    (
        6,
        6,
        'Chevrolet',
        'Camaro',
        1976,
        'LKH654',
        'SAJWA4DC3CM552478',
        703637
    ),
    (
        7,
        7,
        'Jaguar',
        'S-Type',
        2002,
        'QWE454',
        'JTEBC3EH1B2328272',
        335631
    ),
    (
        8,
        8,
        'Chevrolet',
        'Corvette',
        1968,
        'ABs123',
        '3C6LD5BT6CG781829',
        486729
    ),
    (
        9,
        9,
        'BMW',
        'X6',
        2011,
        'LKZ789',
        'YV4902DZ8C2035399',
        808319
    ),
    (
        10,
        10,
        'Lexus',
        'GX',
        2006,
        'POI124',
        '5UXWZ7C58F0816963',
        600437
    ),
    (
        11,
        11,
        'Land Rover',
        'Defender 90',
        1997,
        'ASD987',
        '1G6AJ5S39D0962375',
        434315
    ),
    (
        12,
        12,
        'Infiniti',
        'Q',
        2006,
        'ABq123',
        'JH4DC53094S191508',
        833211
    ),
    (
        13,
        13,
        'Dodge',
        'Stealth',
        1994,
        'MNB655',
        '1G6DH577690097747',
        199475
    ),
    (
        14,
        14,
        'Suzuki',
        'SJ',
        1994,
        'ASD653',
        '1G4HA5EM0BU688520',
        523449
    ),
    (
        15,
        15,
        'Hyundai',
        'Azera',
        2009,
        'ASD784',
        '5NPDH4AE2FH972075',
        110634
    ),
    (
        16,
        16,
        'Chevrolet',
        'Silverado 3500',
        2003,
        'qws112',
        '3VW517AT1FM552081',
        60451
    ),
    (
        17,
        17,
        'Hyundai',
        'Genesis Coupe',
        2010,
        'POI789',
        '1D7RB1GT4BS158314',
        89791
    ),
    (
        18,
        18,
        'Audi',
        '4000CS Quattro',
        1987,
        'WER321',
        'WAUVT68E15A562178',
        166273
    ),
    (
        19,
        19,
        'Lincoln',
        'LS',
        2003,
        'Z',
        '2HNYD2H23DH544867',
        235253
    ),
    (
        20,
        20,
        'BMW',
        'X5',
        2007,
        'QWE321',
        '3N1CN7AP5EL790797',
        665681
    ),
    (
        21,
        21,
        'Ford',
        'Explorer',
        2002,
        'UIO123',
        '1D7CW2GK7AS579692',
        281603
    ),
    (
        22,
        22,
        'GMC',
        'Sierra 2500',
        2000,
        'MNB123',
        '5UXZV4C56DL093942',
        165860
    ),
    (
        23,
        23,
        'Suzuki',
        'Forenza',
        2006,
        'UIO324',
        '1G4HP54K144148031',
        214924
    ),
    (
        24,
        24,
        'Chevrolet',
        'Silverado',
        2007,
        'LKH124',
        'WAUFMAFC3FN787573',
        782574
    ),
    (
        25,
        25,
        'Audi',
        '100',
        1994,
        '7',
        '3C6TD5NT3CG376474',
        124165
    ),
    (
        26,
        26,
        'Infiniti',
        'EX',
        2012,
        'LKH789',
        'SCBFR7ZA5DC833062',
        264769
    ),
    (
        27,
        27,
        'Suzuki',
        'Sidekick',
        1998,
        'ZXC998',
        'WA1DGAFE8CD194967',
        343567
    ),
    (
        28,
        28,
        'Volkswagen',
        'rio',
        2001,
        'MNB987',
        '3GYFNBE33ES769175',
        427933
    ),
    (
        29,
        29,
        'Dodge',
        'D350',
        1992,
        'UIO321',
        'WBADN53461G936242',
        140908
    ),
    (
        30,
        30,
        'Cadillac',
        'XLR',
        2006,
        'VBN124',
        '2HNYD18432H720177',
        781669
    ),
    (
        31,
        31,
        'Chevrolet',
        'G-Series G20',
        1992,
        'MNB124',
        '5N1AR1NB0CC028373',
        164780
    ),
    (
        32,
        32,
        'Ford',
        'Probe',
        1990,
        'MNB321',
        'WA1YD54B24N373561',
        40349
    ),
    (
        33,
        33,
        'GMC',
        'Yukon XL 2500',
        2009,
        'ZXC122',
        'JN1AJ0HP5AM028392',
        84947
    ),
    (
        34,
        34,
        'Honda',
        'Element',
        2007,
        'POI654',
        'WA1DGAFE3FD118111',
        198904
    ),
    (
        35,
        35,
        'Infiniti',
        'G37',
        2011,
        'WER987',
        'JH4CU4F47CC109754',
        667738
    ),
    (
        36,
        36,
        'Toyota',
        '4Runner',
        2003,
        'ABC123',
        '1D7RV1CP5AS032882',
        686776
    ),
    (
        37,
        37,
        'Audi',
        '5000S',
        1986,
        'LKH987',
        'SCFFDCBDXAG019049',
        526357
    ),
    (
        38,
        38,
        'Maserati',
        '228',
        1990,
        'MNB654',
        'SAJWA4HA3EM152545',
        883586
    ),
    (
        39,
        39,
        'Toyota',
        'Yaris',
        2011,
        'ASD789',
        '2C4RDGAG0CR911651',
        242861
    ),
    (
        40,
        40,
        'Buick',
        'Century',
        1989,
        'ZXC987',
        '1N6AF0LX2EN332282',
        809564
    ),
    (
        41,
        41,
        'Chevrolet',
        'Traverse',
        2009,
        'LKH123',
        '1D7CE5GK8AS948354',
        485280
    ),
    (
        42,
        42,
        'GMC',
        'Yukon XL 2500',
        2008,
        'ASD655',
        '1G6DK8E31C0652551',
        231050
    ),
    (
        43,
        43,
        'Toyota',
        'RAV4',
        2010,
        'ABl123',
        'WBA4C9C50FD535574',
        725238
    ),
    (
        44,
        44,
        'Chevrolet',
        'Monza',
        1975,
        'POI321',
        '1GYS3AEF4DR386145',
        213567
    ),
    (
        45,
        45,
        'Buick',
        'Park Avenue',
        1998,
        'QWE457',
        'YV4852CT3A1488777',
        822551
    ),
    (
        46,
        46,
        'Pontiac',
        '6000',
        1984,
        'POI655',
        '3GYFNFEY3BS256846',
        372499
    ),
    (
        47,
        47,
        'Oldsmobile',
        '88',
        1999,
        'POI123',
        'WAU4FAFR3DA519925',
        806535
    ),
    (
        48,
        48,
        'Mercedes-Benz',
        'S-Class',
        1996,
        'WWW555',
        '4T1BD1EBXFU169310',
        238943
    ),
    (
        49,
        49,
        'Dodge',
        'Caravan',
        2003,
        'XYZ789',
        'JTMHY7AJ9A4831888',
        513370
    ),
    (
        50,
        50,
        'Ford',
        'Thunderbird',
        1977,
        'POI127',
        '1G6DV57V090287115',
        711945
    );

INSERT INTO
    workshop.mechanic (id, name, workshop_id)
VALUES
    (1, 'Philly', 1),
    (2, 'Clemens', 2),
    (3, 'Fred', 3),
    (4, 'Katrina', 4),
    (5, 'Rachael', 5),
    (6, 'Esta', 6),
    (7, 'Vin', 7),
    (8, 'Cornall', 8),
    (9, 'Smith', 9),
    (10, 'Gratiana', 10),
    (11, 'Garner', 11),
    (12, 'Sascha', 12),
    (13, 'Hurlee', 13),
    (14, 'Karisa', 14),
    (15, 'Carlie', 15),
    (16, 'Anabal', 16),
    (17, 'Wilfred', 17),
    (18, 'Bax', 18),
    (19, 'Giraud', 19),
    (20, 'Harcourt', 20),
    (21, 'Danny', 21),
    (22, 'Zaccaria', 22),
    (23, 'Magdalene', 23),
    (24, 'Loreen', 24),
    (25, 'Erick', 25),
    (26, 'Marget', 26),
    (27, 'Briana', 27),
    (28, 'Esmaria', 28),
    (29, 'Paddy', 29),
    (30, 'Stace', 30),
    (31, 'Federico', 31),
    (32, 'Elton', 32),
    (33, 'Ilene', 33),
    (34, 'Danila', 34),
    (35, 'Waylan', 35),
    (36, 'Ashlee', 36),
    (37, 'Timothea', 37),
    (38, 'Joseito', 38),
    (39, 'Joellen', 39),
    (40, 'Leta', 40),
    (41, 'Roberta', 41),
    (42, 'Marlyn', 42),
    (43, 'Cazzie', 43),
    (44, 'Leshia', 44),
    (45, 'Lorri', 45),
    (46, 'Adolf', 46),
    (47, 'Trever', 47),
    (48, 'Georgena', 48),
    (49, 'Randall', 49),
    (50, 'Paige', 50);

INSERT INTO
    workshop.work_order (
        id,
        vehicle_id,
        mechanic_id,
        problem_description
    )
VALUES
    (
        1,
        1,
        5,
        'maecenas ut massa quis augue luctus tincidunt nulla mollis molestie lorem quisque ut erat curabitur gravida nisi at nibh in'
    ),
    (
        2,
        1,
        5,
        'integer pede justo lacinia eget tincidunt eget tempus vel pede morbi porttitor lorem id ligula suspendisse ornare consequat lectus in'
    ),
    (
        3,
        5,
        1,
        'parturient montes nascetur ridiculus mus etiam vel augue vestibulum rutrum rutrum neque'
    ),
    (
        4,
        3,
        4,
        'tortor risus dapibus augue vel accumsan tellus nisi eu orci mauris lacinia sapien quis libero nullam sit amet'
    ),
    (
        5,
        5,
        5,
        'dictumst morbi vestibulum velit id pretium iaculis diam erat fermentum justo nec'
    ),
    (
        6,
        3,
        2,
        'vestibulum ac est lacinia nisi venenatis tristique fusce congue diam'
    ),
    (
        7,
        5,
        5,
        'nibh in hac habitasse platea dictumst aliquam augue quam sollicitudin'
    ),
    (
        8,
        2,
        4,
        'duis bibendum felis sed interdum venenatis turpis enim blandit mi in porttitor pede justo eu massa donec dapibus duis'
    ),
    (
        9,
        2,
        2,
        'lacus curabitur at ipsum ac tellus semper interdum mauris ullamcorper purus sit amet nulla quisque'
    ),
    (
        10,
        2,
        3,
        'mus vivamus vestibulum sagittis sapien cum sociis natoque penatibus et'
    ),
    (
        11,
        2,
        5,
        'ut dolor morbi vel lectus in quam fringilla rhoncus mauris enim leo rhoncus sed vestibulum sit amet cursus id'
    ),
    (
        12,
        4,
        2,
        'nonummy maecenas tincidunt lacus at velit vivamus vel nulla eget eros elementum pellentesque'
    ),
    (
        13,
        5,
        2,
        'tellus nisi eu orci mauris lacinia sapien quis libero nullam sit amet'
    ),
    (
        14,
        5,
        1,
        'primis in faucibus orci luctus et ultrices posuere cubilia curae'
    ),
    (
        15,
        3,
        3,
        'adipiscing lorem vitae mattis nibh ligula nec sem duis aliquam convallis nunc proin at turpis a pede posuere'
    ),
    (
        16,
        1,
        4,
        'sem sed sagittis nam congue risus semper porta volutpat quam pede lobortis ligula sit amet eleifend pede libero quis'
    ),
    (
        17,
        4,
        5,
        'nulla elit ac nulla sed vel enim sit amet nunc viverra dapibus nulla suscipit ligula'
    ),
    (
        18,
        5,
        3,
        'suspendisse potenti cras in purus eu magna vulputate luctus cum sociis natoque penatibus et magnis'
    ),
    (
        19,
        5,
        3,
        'in hac habitasse platea dictumst morbi vestibulum velit id pretium iaculis diam erat fermentum justo nec condimentum neque sapien placerat'
    ),
    (
        20,
        1,
        2,
        'hac habitasse platea dictumst maecenas ut massa quis augue luctus tincidunt nulla mollis molestie lorem quisque ut erat curabitur gravida'
    ),
    (
        21,
        1,
        4,
        'rhoncus aliquet pulvinar sed nisl nunc rhoncus dui vel sem sed sagittis nam congue risus semper porta volutpat quam'
    ),
    (
        22,
        3,
        3,
        'ut dolor morbi vel lectus in quam fringilla rhoncus mauris enim leo rhoncus sed vestibulum sit amet cursus id'
    ),
    (
        23,
        4,
        1,
        'purus eu magna vulputate luctus cum sociis natoque penatibus et magnis dis'
    ),
    (
        24,
        3,
        5,
        'nullam sit amet turpis elementum ligula vehicula consequat morbi a ipsum integer a nibh in'
    ),
    (
        25,
        4,
        2,
        'in libero ut massa volutpat convallis morbi odio odio elementum eu interdum eu tincidunt in leo'
    ),
    (
        26,
        4,
        2,
        'sociis natoque penatibus et magnis dis parturient montes nascetur ridiculus'
    ),
    (
        27,
        1,
        2,
        'lectus pellentesque at nulla suspendisse potenti cras in purus eu magna vulputate luctus cum'
    ),
    (
        28,
        4,
        1,
        'ante vel ipsum praesent blandit lacinia erat vestibulum sed magna at nunc commodo placerat praesent blandit'
    ),
    (
        29,
        2,
        1,
        'eget massa tempor convallis nulla neque libero convallis eget eleifend luctus ultricies eu nibh quisque'
    ),
    (
        30,
        2,
        4,
        'leo odio condimentum id luctus nec molestie sed justo pellentesque viverra pede ac diam cras pellentesque volutpat'
    ),
    (
        31,
        4,
        3,
        'ligula nec sem duis aliquam convallis nunc proin at turpis a'
    ),
    (
        32,
        5,
        2,
        'semper interdum mauris ullamcorper purus sit amet nulla quisque arcu libero'
    ),
    (
        33,
        4,
        4,
        'a odio in hac habitasse platea dictumst maecenas ut massa quis augue luctus tincidunt'
    ),
    (
        34,
        5,
        1,
        'nascetur ridiculus mus etiam vel augue vestibulum rutrum rutrum neque aenean auctor gravida sem praesent'
    ),
    (
        35,
        2,
        1,
        'lacinia erat vestibulum sed magna at nunc commodo placerat praesent blandit nam nulla integer pede justo lacinia eget'
    ),
    (
        36,
        1,
        3,
        'cras in purus eu magna vulputate luctus cum sociis natoque penatibus et magnis dis'
    ),
    (
        37,
        1,
        3,
        'nulla sed accumsan felis ut at dolor quis odio consequat varius integer ac'
    ),
    (
        38,
        3,
        3,
        'quam sollicitudin vitae consectetuer eget rutrum at lorem integer tincidunt ante vel'
    ),
    (
        39,
        5,
        2,
        'molestie nibh in lectus pellentesque at nulla suspendisse potenti cras in purus eu magna'
    ),
    (
        40,
        3,
        3,
        'eu massa donec dapibus duis at velit eu est congue elementum in hac habitasse'
    ),
    (
        41,
        5,
        1,
        'id luctus nec molestie sed justo pellentesque viverra pede ac diam cras pellentesque volutpat dui maecenas tristique est'
    ),
    (
        42,
        2,
        5,
        'cubilia curae duis faucibus accumsan odio curabitur convallis duis consequat dui nec nisi volutpat eleifend'
    ),
    (
        43,
        5,
        2,
        'quis libero nullam sit amet turpis elementum ligula vehicula consequat morbi a ipsum integer'
    ),
    (
        44,
        2,
        2,
        'curae mauris viverra diam vitae quam suspendisse potenti nullam porttitor lacus'
    ),
    (
        45,
        5,
        1,
        'mauris lacinia sapien quis libero nullam sit amet turpis elementum ligula vehicula consequat morbi a ipsum integer'
    ),
    (
        46,
        5,
        4,
        'purus phasellus in felis donec semper sapien a libero nam dui proin leo odio porttitor id'
    ),
    (
        47,
        1,
        1,
        'pulvinar sed nisl nunc rhoncus dui vel sem sed sagittis nam congue'
    ),
    (
        48,
        5,
        3,
        'nisl nunc rhoncus dui vel sem sed sagittis nam congue'
    ),
    (
        49,
        3,
        2,
        'donec ut mauris eget massa tempor convallis nulla neque libero convallis eget'
    ),
    (
        50,
        1,
        2,
        'praesent id massa id nisl venenatis lacinia aenean sit amet justo morbi ut odio cras mi pede malesuada in imperdiet'
    );

INSERT INTO
    workshop.invoice (
        id,
        work_order_id,
        customer_id,
        total
    )
VALUES
    (1, 1, 1, 28832),
    (2, 2, 2, 52765),
    (3, 3, 3, 24901),
    (4, 4, 4, 121208),
    (5, 5, 5, 34491),
    (6, 6, 6, 99479),
    (7, 7, 7, 125032),
    (8, 8, 8, 82171),
    (9, 9, 9, 17874),
    (10, 10, 10, 78890),
    (11, 11, 11, 39876),
    (12, 12, 12, 57918),
    (13, 13, 13, 40048),
    (14, 14, 14, 141434),
    (15, 15, 15, 36256),
    (16, 16, 16, 27427),
    (17, 17, 17, 67165),
    (18, 18, 18, 106224),
    (19, 19, 19, 24083),
    (20, 20, 20, 134432),
    (21, 21, 21, 132807),
    (22, 22, 22, 54593),
    (23, 23, 23, 122901),
    (24, 24, 24, 93542),
    (25, 25, 25, 118595),
    (26, 26, 26, 68546),
    (27, 27, 27, 53959),
    (28, 28, 28, 147808),
    (29, 29, 29, 46208),
    (30, 30, 30, 93820),
    (31, 31, 31, 7680),
    (32, 32, 32, 20013),
    (33, 33, 33, 83303),
    (34, 34, 34, 82190),
    (35, 35, 35, 138572),
    (36, 36, 36, 98017),
    (37, 37, 37, 124261),
    (38, 38, 38, 102831),
    (39, 39, 39, 107267),
    (40, 40, 40, 145474),
    (41, 41, 41, 55744),
    (42, 42, 42, 93018),
    (43, 43, 43, 72755),
    (44, 44, 44, 122219),
    (45, 45, 45, 49213),
    (46, 46, 46, 54284),
    (47, 47, 47, 99895),
    (48, 48, 48, 54624),
    (49, 49, 49, 103824),
    (50, 50, 50, 121134);

INSERT INTO
    workshop.payment (id, invoice_id, paid_amount)
VALUES
    (1, 1, 532060504),
    (2, 2, 118952434),
    (3, 3, 382259754),
    (4, 4, 172667124),
    (5, 5, 810157965),
    (6, 6, 949609411),
    (7, 7, 336136969),
    (8, 8, 820972968),
    (9, 9, 7397382),
    (10, 10, 469663865),
    (11, 11, 412206198),
    (12, 12, 66059001),
    (13, 13, 567943606),
    (14, 14, 642754005),
    (15, 15, 527482968),
    (16, 16, 858348081),
    (17, 17, 443906099),
    (18, 18, 632194547),
    (19, 19, 516551716),
    (20, 20, 490894630),
    (21, 21, 532913183),
    (22, 22, 801751153),
    (23, 23, 47125831),
    (24, 24, 856421204),
    (25, 25, 262547244),
    (26, 26, 903641131),
    (27, 27, 765039607),
    (28, 28, 825272853),
    (29, 29, 339233278),
    (30, 30, 897612830),
    (31, 31, 137574020),
    (32, 32, 643521469),
    (33, 33, 66321755),
    (34, 34, 58724969),
    (35, 35, 486303731),
    (36, 36, 580670714),
    (37, 37, 989126556),
    (38, 38, 571992803),
    (39, 39, 335470977),
    (40, 40, 148900775),
    (41, 41, 709558697),
    (42, 42, 513238182),
    (43, 43, 398905269),
    (44, 44, 275590012),
    (45, 45, 145574458),
    (46, 46, 496695226),
    (47, 47, 747509531),
    (48, 48, 870892148),
    (49, 49, 554478990),
    (50, 50, 314724719);